CREATE SCHEMA CRMS;

SET search_path TO CRMS;

--1. Criminal Table
INSERT INTO criminal VALUES 
  ('C0011', 'Vikram Mehta', NULL, 'M', '1982-09-20', 'ID100200300', 'Green Park Road', 'Delhi', 'New Delhi', 'Delhi'),
  ('C0012', 'Meena Iyer', 'Mini', 'F', '1991-02-14', 'ID400500600', 'Hilltop Colony', 'Mumbai', 'Mumbai', 'Maharashtra'),
  ('C0013', 'Siddharth Rao', NULL, 'M', '1986-11-03', 'ID700800900', 'Beach Road', 'Chennai', 'Chennai', 'Tamil Nadu'),
  ('C0014', 'Farhan Qureshi', 'FQ', 'M', '1980-06-27', NULL, 'Old City Market', 'Hyderabad', 'Hyderabad', 'Telangana'),
  ('C0015', 'Lakshmi Nair', NULL, 'F', '1993-12-11', 'ID010203040', 'Lighthouse Street', 'Kochi', 'Ernakulam', 'Kerala'),
  ('C0016', 'Devansh Bhatt', 'Dev', 'M', '1988-04-09', 'ID050607080', 'GT Road', 'Kanpur', 'Kanpur', 'Uttar Pradesh'),
  ('C0017', 'Zoya Mirza', 'Zee', 'F', '1994-10-30', NULL, 'Clock Tower Lane', 'Bhopal', 'Bhopal', 'Madhya Pradesh'),
  ('C0018', 'Harshita Rani', NULL, 'F', '1996-07-15', 'ID112233445', 'Lake View Road', 'Patna', 'Patna', 'Bihar'),
  ('C0019', 'Amit Trivedi', 'AT', 'M', '1983-03-21', 'ID556677889', 'Central Market', 'Ludhiana', 'Ludhiana', 'Punjab'),
  ('C0020', 'Nagma Sheikh', NULL, 'F', '1990-01-07', 'ID998877665', 'Garden Street', 'Surat', 'Surat', 'Gujarat'),
  ('C0021', 'Tapan Sen', 'Tapu', 'M', '1979-08-16', NULL, 'Chandni Chowk', 'Kolkata', 'Kolkata', 'West Bengal'),
  ('C0022', 'Sneha Kapoor', NULL, 'F', '1992-05-18', 'ID667788990', 'Sector 21', 'Noida', 'Gautam Budh', 'Uttar Pradesh'),
  ('C0023', 'Mohit Sinha', 'Mo', 'M', '1985-12-02', 'ID334455667', 'VIP Road', 'Raipur', 'Raipur', 'Chhattisgarh'),
  ('C0024', 'Asif Khan', NULL, 'M', '1987-09-12', 'ID223344556', 'Red Fort Area', 'Agra', 'Agra', 'Uttar Pradesh'),
  ('C0025', 'Revathi Pillai', NULL, 'F', '1995-08-23', 'ID778899001', 'Koyambedu Main', 'Chennai', 'Chennai', 'Tamil Nadu'),
  ('C0026', 'Jaspreet Singh', 'Jazz', 'M', '1981-11-19', NULL, 'Phase 7', 'Mohali', 'SAS Nagar', 'Punjab'),
  ('C0027', 'Nikita Sharma', NULL, 'F', '1993-03-14', 'ID665544332', 'Sector 17', 'Chandigarh', 'Chandigarh', 'Chandigarh'),
  ('C0028', 'Rakesh Yadav', 'Rocky', 'M', '1990-06-06', 'ID321654987', 'Shastri Nagar', 'Varanasi', 'Varanasi', 'Uttar Pradesh'),
  ('C0029', 'Anjali Dutta', NULL, 'F', '1989-04-29', NULL, 'Civil Lines', 'Ranchi', 'Ranchi', 'Jharkhand'),
  ('C0030', 'Iqbal Hussain', 'IQ', 'M', '1984-07-01', 'ID445566778', 'Jamalpur Street', 'Ahmedabad', 'Ahmedabad', 'Gujarat');



--2. Crime Table
INSERT INTO crime (fir_no, type_of_crime, status, date_and_time, description, police_station, city, state) VALUES
  ('CR001', 'Theft', 'Open', '2025-04-05 14:30:00', 'A local shop was robbed during the afternoon hours. Witnesses reported seeing two masked men fleeing.', 'MG Road PS', 'Mumbai', 'Maharashtra'),
  ('CR002', 'Burglary', 'Closed', '2025-03-22 02:15:00', 'A residential break-in occurred. Jewelry and electronics were stolen from the home.', 'City PS', 'Pune', 'Maharashtra'),
  ('CR003', 'Assault', 'Open', '2025-02-10 18:45:00', 'A street altercation resulted in injuries to one person, who was admitted to a nearby hospital.', 'North PS', 'Delhi', 'Delhi'),
  ('CR004', 'Fraud', 'Open', '2025-01-15 10:00:00', 'A citizen was scammed into transferring money via a fake banking link.', 'South PS', 'Bhopal', 'MP'),
  ('CR005', 'Kidnap', 'Closed', '2025-01-20 07:30:00', 'An abduction case was reported; the victim was later rescued safely.', 'Central PS', 'Lucknow', 'UP'),
  ('CR006', 'Robbery', 'Open', '2025-02-28 22:00:00', 'Armed individuals robbed a gas station at night. No injuries reported.', 'West PS', 'Jaipur', 'Rajasthan'),
  ('CR007', 'Arson', 'Closed', '2025-03-03 03:20:00', 'A warehouse fire suspected to be intentionally set. Investigation underway.', 'Fire PS', 'Kochi', 'Kerala'),
  ('CR008', 'Cybercrime', 'Open', '2025-02-05 11:00:00', 'Multiple reports of email phishing scams targeting local businesses.', 'Tech PS', 'Hyderabad', 'Telangana'),
  ('CR009', 'Theft', 'Closed', '2025-04-01 09:45:00', 'A motorbike was stolen from a parking lot during office hours.', 'East PS', 'Chennai', 'TN'),
  ('CR010', 'Assault', 'Open', '2025-03-28 20:30:00', 'Fight broke out between two groups at a local fairground. Police intervened.', 'Old City PS', 'Patna', 'Bihar'),
  ('CR011', 'Fraud', 'Open', '2025-02-18 13:15:00', 'Fake lottery scheme exposed; several citizens were conned.', 'Market PS', 'Surat', 'Gujarat'),
  ('CR012', 'Robbery', 'Closed', '2025-01-25 06:50:00', 'A bank ATM was targeted by robbers. Security footage has been collected.', 'River PS', 'Indore', 'MP'),
  ('CR013', 'Burglary', 'Open', '2025-03-05 01:30:00', 'Break-in at a jewelry store. High-value items reported missing.', 'Hill PS', 'Shimla', 'HP'),
  ('CR014', 'Kidnap', 'Closed', '2025-02-14 05:30:00', 'Child reported missing from park. Found safe within 4 hours.', 'Lake PS', 'Goa', 'Goa'),
  ('CR015', 'Arson', 'Open', '2025-04-02 04:15:00', 'Public bus set on fire by unknown vandals at midnight.', 'Green PS', 'Ahmedabad', 'Gujarat'),
  ('CR016', 'Cybercrime', 'Closed', '2025-02-20 16:00:00', 'Social media account hacked; offensive posts made.', 'Web PS', 'Noida', 'UP'),
  ('CR017', 'Theft', 'Open', '2025-03-01 08:00:00', 'Petty theft of wallets reported near railway station.', 'Main PS', 'Nagpur', 'Maharashtra'),
  ('CR018', 'Fraud', 'Open', '2025-03-22 17:45:00', 'Ponzi scheme uncovered defrauding investors.', 'Cross PS', 'Gwalior', 'MP'),
  ('CR019', 'Burglary', 'Closed', '2025-04-04 02:10:00', 'Attempted burglary foiled by security guards at a warehouse.', 'Park PS', 'Mysore', 'Karnataka'),
  ('CR020', 'Assault', 'Open', '2025-04-06 19:30:00', 'Minor injuries reported after clash between neighbors over parking.', 'City PS', 'Ranchi', 'Jharkhand');


--3. Evidence Table(Multivalue attribute of crime table)
INSERT INTO evidence (fir_no, evidences) VALUES
  ('CR001', 'CCTV footage from mall entrance'),
  ('CR001', 'Fingerprint on motorcycle handle'),
  ('CR002', 'Witness statement transcript'),
  ('CR002', 'Photograph of victim injuries'),
  ('CR003', 'Broken window glass shards'),
  ('CR003', 'Jewelry display case photo'),
  ('CR004', 'Phishing email screenshot'),
  ('CR004', 'Server log export'),
  ('CR005', 'Graffiti paint sample'),
  ('CR006', 'School CCTV clip showing disappearance'),
  ('CR006', 'Teacher eyewitness statement'),
  ('CR007', 'Store security camera footage'),
  ('CR007', 'Recovered firearm serial number record'),
  ('CR008', 'Bank transaction log printout'),
  ('CR008', 'Email phishing link copy'),
  ('CR009', 'Accelerant residue analysis'),
  ('CR010', 'Autopsy report'),
  ('CR010', 'Medical examiner statement'),
  ('CR011', 'Domestic dispute call recording'),
  ('CR012', 'Train compartment CCTV footage'),
  ('CR013', 'Hacked account access logs'),
  ('CR014', 'Narcotics seizure report'),
  ('CR015', 'Rescue operation video footage'),
  ('CR015', 'Victim testimonies'),
  ('CR016', 'Traffic camera footage of incident'),
  ('CR017', 'Undercover sting operation video'),
  ('CR018', 'ATM security camera clip'),
  ('CR019', 'Extortion call transcript');


--4. Commits Table (Many-to-Many : criminal - crime)
INSERT INTO commits (criminal_id, fir_no) VALUES
  ('C0011','CR001'),
  ('C0012','CR001'),
  ('C0019','CR001'),
  ('C0013','CR002'),
  ('C0014','CR002'),
  ('C0015','CR003'),
  ('C0016','CR003'),
  ('C0017','CR004'),
  ('C0018','CR004'),
  ('C0019','CR005'),
  ('C0020','CR005'),
  ('C0011','CR005'),
  ('C0021','CR006'),
  ('C0022','CR006'),
  ('C0023','CR007'),
  ('C0024','CR007'),
  ('C0025','CR008'),
  ('C0026','CR008'),
  ('C0027','CR009'),
  ('C0028','CR009'),
  ('C0029','CR010'),
  ('C0030','CR010'),
  ('C0013','CR010'),
  ('C0011','CR011'),
  ('C0012','CR011'),
  ('C0013','CR012'),
  ('C0014','CR012'),
  ('C0015','CR013'),
  ('C0016','CR013'),
  ('C0017','CR014'),
  ('C0018','CR014'),
  ('C0019','CR015'),
  ('C0020','CR015'),
  ('C0015','CR015'),
  ('C0021','CR016'),
  ('C0022','CR016'),
  ('C0023','CR017'),
  ('C0024','CR017'),
  ('C0025','CR018'),
  ('C0026','CR018'),
  ('C0027','CR019'),
  ('C0028','CR019'),
  ('C0029','CR020'),
  ('C0030','CR020'),
  ('C0017','CR020');


--5. Officer Table
INSERT INTO officer (badge_no, name, gender, jurisdiction, department, rank) VALUES
  ('O0001', 'Ravi Sharma',      'M', 'Delhi',         'Homicide',     'Inspector'),
  ('O0002', 'Anjali Mehta',     'F', 'Mumbai',        'Traffic',      'Sub-Inspector'),
  ('O0003', 'Karan Kapoor',     'M', 'Bengaluru',     'Cybercrime',   'Head Constable'),
  ('O0004', 'Meera Iyer',       'F', 'Chennai',       'Forensics',    'Constable'),
  ('O0005', 'Vikram Sinha',     'M', 'Hyderabad',     'Narcotics',    'Assistant SI'),
  ('O0006', 'Pooja Rao',        'F', 'Ahmedabad',     'Patrol',       'Commissioner'),
  ('O0007', 'Siddharth Verma',  'M', 'Pune',          'Investigation','Superintendent'),
  ('O0008', 'Neha Deshmukh',    'F', 'Jaipur',        'Homicide',     'DSP'),
  ('O0009', 'Aditya Menon',     'M', 'Lucknow',       'Traffic',      'Inspector'),
  ('O0010', 'Divya Bhatia',     'F', 'Kochi',         'Cybercrime',   'Sub-Inspector'),
  ('O0011', 'Amit Joshi',       'M', 'Bhopal',        'Forensics',    'Head Constable'),
  ('O0012', 'Deepa Kaur',       'F', 'Chandigarh',    'Narcotics',    'Constable'),
  ('O0013', 'Rohan Mishra',     'M', 'Patna',         'Patrol',       'Assistant SI'),
  ('O0014', 'Sneha D''Souza',   'F', 'Indore',        'Investigation','Commissioner'),
  ('O0015', 'Manoj Bhatt',      'M', 'Varanasi',      'Homicide',     'Superintendent'),
  ('O0016', 'Aisha Khan',       'F', 'Surat',         'Traffic',      'DSP'),
  ('O0017', 'Rahul Gupta',      'M', 'Amritsar',      'Cybercrime',   'Inspector'),
  ('O0018', 'Sanya Patel',      'F', 'Nagpur',        'Forensics',    'Sub-Inspector'),
  ('O0019', 'Devansh Bhatt',    'M', 'Mysuru',        'Narcotics',    'Head Constable'),
  ('O0020', 'Nikita Sharma',    'F', 'Kanpur',        'Patrol',       'Constable');


--6. Officer-Contact Table (Multivalue attribute of officer table)
INSERT INTO officer_contact (badge_no, contact_no) VALUES
  ('O0001','7000000001'),
  ('O0001','7000000002'),
  ('O0002','7000000003'),
  ('O0002','7000000004'),
  ('O0003','7000000005'),
  ('O0003','7000000006'),
  ('O0004','7000000007'),
  ('O0004','7000000008'),
  ('O0005','7000000009'),
  ('O0005','7000000010'),
  ('O0006','7000000011'),
  ('O0006','7000000012'),
  ('O0007','7000000013'),
  ('O0007','7000000014'),
  ('O0008','7000000015'),
  ('O0008','7000000016'),
  ('O0009','7000000017'),
  ('O0009','7000000018'),
  ('O0010','7000000019'),
  ('O0010','7000000020'),
  ('O0011','7000000021'),
  ('O0012','7000000022'),
  ('O0013','7000000023'),
  ('O0014','7000000024'),
  ('O0015','7000000025'),
  ('O0016','7000000026'),
  ('O0017','7000000027'),
  ('O0018','7000000028'),
  ('O0019','7000000029'),
  ('O0020','7000000030');


--7. InvestigatedBy table (Many-to-Many : officer - crime)
INSERT INTO investigated_by (fir_no, badge_no) VALUES
  ('CR001','O0001'),
  ('CR001','O0002'),
  ('CR001','O0003'),
  ('CR002','O0002'),
  ('CR002','O0003'),
  ('CR003','O0003'),
  ('CR003','O0004'),
  ('CR004','O0004'),
  ('CR004','O0005'),
  ('CR005','O0005'),
  ('CR005','O0006'),
  ('CR006','O0006'),
  ('CR006','O0007'),
  ('CR007','O0007'),
  ('CR007','O0008'),
  ('CR008','O0008'),
  ('CR008','O0009'),
  ('CR009','O0009'),
  ('CR009','O0010'),
  ('CR010','O0010'),
  ('CR010','O0011'),
  ('CR011','O0011'),
  ('CR011','O0012'),
  ('CR012','O0012'),
  ('CR012','O0013'),
  ('CR013','O0013'),
  ('CR013','O0014'),
  ('CR014','O0014'),
  ('CR014','O0015'),
  ('CR015','O0015'),
  ('CR015','O0016'),
  ('CR016','O0016'),
  ('CR016','O0017'),
  ('CR017','O0017'),
  ('CR017','O0018'),
  ('CR018','O0018'),
  ('CR018','O0019'),
  ('CR019','O0019'),
  ('CR019','O0020'),
  ('CR020','O0020'),
  ('CR020','O0001');


--8. Case Table
INSERT INTO "case" (case_id, status, verdict, verdict_date, fir_no) VALUES
  ('CA001', 'Closed', 'Accused convicted and sentenced to 1 year imprisonment.', '2025-05-10', 'CR001'),
  ('CA002', 'Closed', 'Accused acquitted due to insufficient evidence.', '2025-04-15', 'CR002'),
  ('CA003', 'Pending', NULL, NULL, 'CR003'),
  ('CA004', 'Closed', 'Phishing ring dismantled; accused fined and released.', '2025-05-20', 'CR004'),
  ('CA005', 'Pending', NULL, NULL, 'CR005'),
  ('CA006', 'Closed', 'Kidnapper arrested and remanded in custody.', '2025-06-01', 'CR006'),
  ('CA007', 'Pending', NULL, NULL, 'CR007'),
  ('CA008', 'Closed', 'Suspects charged under IT Act; case concluded.', '2025-05-25', 'CR008'),
  ('CA009', 'Pending', NULL, NULL, 'CR009'),
  ('CA010', 'Closed', 'Homicide case resolved with life sentence.', '2025-06-10', 'CR010'),
  ('CA011', 'Pending', NULL, NULL, 'CR011'),
  ('CA012', 'Closed', 'Train theft case dismissed on jurisdiction grounds.', '2025-05-05', 'CR012'),
  ('CA013', 'Pending', NULL, NULL, 'CR013'),
  ('CA014', 'Closed', 'Narcotics dealer convicted and sentenced to 3 years.', '2025-06-12', 'CR014'),
  ('CA015', 'Pending', NULL, NULL, 'CR015'),
  ('CA016', 'Closed', 'Hit and run suspect fined and license suspended.', '2025-05-30', 'CR016'),
  ('CA017', 'Pending', NULL, NULL, 'CR017'),
  ('CA018', 'Closed', 'ATM robbery case closed after settlement.', '2025-05-18', 'CR018'),
  ('CA019', 'Pending', NULL, NULL, 'CR019'),
  ('CA020', 'Closed', 'Extortionist convicted and sentenced to 2 years.', '2025-06-15', 'CR020');


--9. Prisoner Table
INSERT INTO prisoners (prisoner_id, prisoner_name, prison_name, prison_cell_no, status, release_date, sentence_duration) VALUES
  ('P001', 'Ramesh Kumar', 'Tihar Jail', 'C101', 'In Prison', '2028-04-15', 1095),
  ('P002', 'Suresh Verma', 'Yerwada Central Prison', 'B202', 'In Prison', '2027-11-10', 730),
  ('P003', 'Anjali Sharma', 'Alipore Central Correctional Home', 'D305', 'Released', '2024-12-20', 365),
  ('P004', 'Deepak Yadav', 'Tihar Jail', 'A407', 'In Prison', '2026-05-30', 730),
  ('P005', 'Neha Singh', 'Arthur Road Jail', 'E502', 'Released', '2025-10-05', 180),
  ('P006', 'Amit Chauhan', 'Tihar Jail', 'B109', 'In Prison', '2029-02-14', 1460),
  ('P007', 'Pooja Bhatt', 'Yerwada Central Prison', 'F210', 'In Prison', '2026-08-22', 540),
  ('P008', 'Vikram Mehra', 'Sabarmati Central Jail', 'G312', 'Released', '2025-01-15', 365),
  ('P009', 'Sunita Rani', 'Tihar Jail', 'C215', 'In Prison', '2027-07-19', 730),
  ('P010', 'Rajesh Khanna', 'Arthur Road Jail', 'D120', 'In Prison', '2028-09-12', 1095),
  ('P011', 'Manoj Sinha', 'Yerwada Central Prison', 'H401', 'In Prison', '2027-01-11', 600),
  ('P012', 'Kiran Deshmukh', 'Sabarmati Central Jail', 'E403', 'Released', '2025-11-30', 300),
  ('P013', 'Ritu Raj', 'Tihar Jail', 'A505', 'In Prison', '2026-04-01', 450),
  ('P014', 'Siddharth Singh', 'Arthur Road Jail', 'B307', 'In Prison', '2028-02-20', 1000),
  ('P015', 'Asha Gupta', 'Yerwada Central Prison', 'C601', 'Released', '2024-10-10', 180),
  ('P016', 'Prem Bhatia', 'Tihar Jail', 'F103', 'In Prison', '2027-06-15', 800),
  ('P017', 'Vijay Patil', 'Sabarmati Central Jail', 'G202', 'In Prison', '2026-11-22', 540),
  ('P018', 'Geeta Menon', 'Arthur Road Jail', 'D505', 'Released', '2025-04-05', 270),
  ('P019', 'Kunal Sharma', 'Tihar Jail', 'B401', 'In Prison', '2029-03-30', 1460),
  ('P020', 'Sneha Kapoor', 'Yerwada Central Prison', 'E207', 'In Prison', '2027-12-01', 900);


--10. Convicts Table (Many-to-Many : case - prisoners)
INSERT INTO convicts (case_id, prisoner_id) VALUES
  ('CA001', 'P001'),
  ('CA002', 'P002'),
  ('CA003', 'P003'),
  ('CA004', 'P004'),
  ('CA005', 'P005'),
  ('CA006', 'P006'),
  ('CA007', 'P007'),
  ('CA008', 'P008'),
  ('CA009', 'P009'),
  ('CA010', 'P010'), 
  ('CA011', 'P011'),
  ('CA012', 'P012'),
  ('CA013', 'P013'),
  ('CA014', 'P014'),
  ('CA015', 'P015'),
  ('CA016', 'P016'),
  ('CA017', 'P017'),
  ('CA018', 'P018'),
  ('CA019', 'P019'),
  ('CA020', 'P020'),
  ('CA001', 'P002'),
  ('CA002', 'P003'),
  ('CA003', 'P004'),
  ('CA004', 'P005'),
  ('CA005', 'P006'), 
  ('CA006', 'P007'),
  ('CA007', 'P008'),
  ('CA008', 'P009'),
  ('CA009', 'P010'),
  ('CA010', 'P011'),  
  ('CA011', 'P012'),
  ('CA012', 'P013'),
  ('CA013', 'P014'),
  ('CA014', 'P015'),
  ('CA015', 'P016'), 
  ('CA016', 'P017'),
  ('CA017', 'P018'),
  ('CA018', 'P019'),
  ('CA019', 'P020'),  
  ('CA020', 'P001'),
  ('CA001', 'P003'),
  ('CA002', 'P004'),
  ('CA003', 'P005'),
  ('CA004', 'P006');


--11. Victim Table
INSERT INTO victim (victim_no, name, gender, age, gov_id) VALUES
  ('V001', 'Aarav Sharma', 'M', 25, 'ID1001'),
  ('V002', 'Priya Mehta', 'F', 30, 'ID1002'),
  ('V003', 'Kabir Singh', 'M', 22, 'ID1003'),
  ('V004', 'Ananya Patel', 'F', 28, 'ID1004'),
  ('V005', 'Ishaan Joshi', 'M', 35, 'ID1005'),
  ('V006', 'Diya Nair', 'F', 24, 'ID1006'),
  ('V007', 'Arjun Verma', 'M', 40, 'ID1007'),
  ('V008', 'Rhea Das', 'F', 29, 'ID1008'),
  ('V009', 'Kunal Roy', 'M', 27, 'ID1009'),
  ('V010', 'Meera Kapoor', 'F', 33, 'ID1010'),
  ('V011', 'Siddharth Sen', 'M', 31, 'ID1011'),
  ('V012', 'Pooja Iyer', 'F', 23, 'ID1012'),
  ('V013', 'Nikhil Bhat', 'M', 37, NULL),
  ('V014', 'Sneha Pillai', 'F', 26, 'ID1014'),
  ('V015', 'Rohan Dey', 'M', 34, 'ID1015'),
  ('V016', 'Tara Menon', 'F', 21, 'ID1016'),
  ('V017', 'Yash Agarwal', 'M', 32, 'ID1017'),
  ('V018', 'Naina Reddy', 'F', 36, 'ID1018'),
  ('V019', 'Aditya Rao', 'M', 28, 'ID1019'),
  ('V020', 'Simran Chawla', 'F', 27, 'ID1020'),
  ('V021', 'Rajeev Sinha', 'M', 41, 'ID1021'),
  ('V022', 'Kritika Malhotra', 'F', 30, NULL),
  ('V023', 'Devansh Jain', 'M', 24, 'ID1023'),
  ('V024', 'Isha Sharma', 'F', 25, 'ID1024'),
  ('V025', 'Aman Mathur', 'M', 29, 'ID1025'),
  ('V026', 'Lavanya Yadav', 'F', 33, 'ID1026'),
  ('V027', 'Armaan Khan', 'M', 35, 'ID1027'),
  ('V028', 'Neha Ghosh', 'F', 26, 'ID1028'),
  ('V029', 'Harsh Vardhan', 'M', 31, 'ID1029'),
  ('V030', 'Pritika Basu', 'F', 28, NULL),
  ('V031', 'Samar Desai', 'M', 27, 'ID1031'),
  ('V032', 'Ritika Seth', 'F', 29, 'ID1032'),
  ('V033', 'Manav Kaul', 'M', 36, 'ID1033'),
  ('V034', 'Sanya Arora', 'F', 23, 'ID1034'),
  ('V035', 'Vivaan Das', 'M', 40, 'ID1035'),
  ('V036', 'Anika Kapoor', 'F', 25, 'ID1036'),
  ('V037', 'Parth Suri', 'M', 34, 'ID1037'),
  ('V038', 'Mira Saluja', 'F', 22, 'ID1038'),
  ('V039', 'Aryan Bhatt', 'M', 28, NULL),
  ('V040', 'Tanvi Shukla', 'F', 31, 'ID1040');



--12. Victim-Contact Table (Multivalue attribute of victim table)
INSERT INTO victim_contact (victim_no, contact_no) VALUES
  ('V001', '9876543210'),
  ('V001', '9876543211'),
  ('V002', '9876543212'),
  ('V002', '9876543213'),
  ('V003', '9876543214'),
  ('V003', '9876543215'),
  ('V004', '9876543216'),
  ('V004', '9876543217'),
  ('V005', '9876543218'),
  ('V005', '9876543219'),
  ('V006', '9876543220'),
  ('V007', '9876543222'),
  ('V007', '9876543223'),
  ('V008', '9876543224'),
  ('V008', '9876543225'),
  ('V009', '9876543226'),
  ('V009', '9876543227'),
  ('V010', '9876543228'),
  ('V010', '9876543229'),
  ('V011', '9876543230'),
  ('V011', '9876543231'),
  ('V012', '9876543232'),
  ('V012', '9876543233'),
  ('V013', '9876543234'),
  ('V013', '9876543235'),
  ('V014', '9876543236'),
  ('V015', '9876543238'),
  ('V016', '9876543240'),
  ('V017', '9876543242'),
  ('V018', '9876543244'),
  ('V018', '9876543245'),
  ('V019', '9876543246'),
  ('V019', '9876543247'),
  ('V020', '9876543248'),
  ('V020', '9876543249'),
  ('V021', '9876543250'),
  ('V021', '9876543251'),
  ('V022', '9876543252'),
  ('V022', '9876543253'),
  ('V023', '9876543254'),
  ('V023', '9876543255'),
  ('V024', '9876543256'),
  ('V024', '9876543257'),
  ('V025', '9876543258'),
  ('V025', '9876543259'),
  ('V026', '9876543260'),
  ('V026', '9876543261'),
  ('V027', '9876543262'),
  ('V027', '9876543263'),
  ('V028', '9876543264'),
  ('V028', '9876543265'),
  ('V029', '9876543266'),
  ('V029', '9876543267'),
  ('V030', '9876543268'),
  ('V030', '9876543269'),
  ('V031', '9876543270'),
  ('V031', '9876543271'),
  ('V032', '9876543272'),
  ('V032', '9876543273'),
  ('V033', '9876543274'),
  ('V034', '9876543276'),
  ('V034', '9876543277'),
  ('V035', '9876543278'),
  ('V035', '9876543279'),
  ('V036', '9876543280'),
  ('V036', '9876543281'),
  ('V037', '9876543282'),
  ('V037', '9876543283'),
  ('V038', '9876543284'),
  ('V038', '9876543285'),
  ('V039', '9876543286'),
  ('V039', '9876543287'),
  ('V040', '9876543288'),
  ('V040', '9876543289');


--13. Affects Table (Many-to-Many : crime - victim)
INSERT INTO affects (victim_no, fir_no) VALUES
  ('V001','CR001'),
  ('V002','CR001'),
  ('V003','CR002'),
  ('V004','CR002'),
  ('V005','CR003'),
  ('V006','CR003'),
  ('V007','CR004'),
  ('V008','CR004'),
  ('V009','CR005'),
  ('V010','CR005'),
  ('V011','CR006'),
  ('V012','CR006'),
  ('V013','CR007'),
  ('V014','CR007'),
  ('V015','CR008'),
  ('V016','CR008'),
  ('V017','CR009'),
  ('V018','CR009'),
  ('V019','CR010'),
  ('V020','CR010'),
  ('V021','CR011'),
  ('V022','CR011'),
  ('V023','CR012'),
  ('V024','CR012'),
  ('V025','CR013'),
  ('V026','CR013'),
  ('V027','CR014'),
  ('V028','CR014'),
  ('V029','CR015'),
  ('V030','CR015'),
  ('V031','CR016'),
  ('V032','CR016'),
  ('V033','CR017'),
  ('V034','CR017'),
  ('V035','CR018'),
  ('V036','CR018'),
  ('V037','CR019'),
  ('V038','CR019'),
  ('V039','CR020'),
  ('V040','CR020'),
  ('V001','CR002'),
  ('V002','CR003'),
  ('V003','CR004'),
  ('V004','CR005'),
  ('V005','CR006'),
  ('V006','CR007');


--14. Witness Table
INSERT INTO witness (witness_no, name, gender, age, gov_id, statement, base_address, city, district, state) VALUES
  ('W001', 'Aarav Sharma', 'M', 28, 'GID001', 'I saw the incident happen.', '123 MG Road', 'Pune', 'Pune', 'Maharashtra'),
  ('W002', 'Siya Verma', 'F', 35, 'GID002', 'He was wearing a red jacket.', '45 Green St', 'Lucknow', 'Lucknow', 'UttarPradesh'),
  ('W003', 'Ishaan Rao', 'M', 41, 'GID003', 'There were two men.', '7 Park Lane', 'Bhopal', 'Bhopal', 'MadhyaPradesh'),
  ('W004', 'Meera Nair', 'F', 30, NULL, 'I heard loud noises.', '201 Central Ave', 'Jaipur', 'Jaipur', 'Rajasthan'),
  ('W005', 'Riya Kapoor', 'F', 26, 'GID005', 'They escaped in a white car.', '88 MG Street', 'Delhi', 'Delhi', 'Delhi'),
  ('W006', 'Karan Mehta', 'M', 38, 'GID006', 'The suspect was tall.', '5 Rosewood Ave', 'Surat', 'Surat', 'Gujarat'),
  ('W007', 'Aanya Reddy', 'F', 29, 'GID007', 'I can recognize them.', '78 Blue Street', 'Hyderabad', 'Hyderabad', 'Telangana'),
  ('W008', 'Kabir Khan', 'M', 32, 'GID008', 'They wore masks.', '12 Hill Top', 'Kolkata', 'Kolkata', 'WestBengal'),
  ('W009', 'Anaya Joshi', 'F', 40, 'GID009', 'I called the police.', '34 New Market', 'Chandigarh', 'Chandigarh', 'Chandigarh'),
  ('W010', 'Dev Patel', 'M', 45, NULL, 'The vehicle was speeding.', '90 Sunset Blvd', 'Ahmedabad', 'Ahmedabad', 'Gujarat'),
  ('W011', 'Rohan Singh', 'M', 27, 'GID011', 'The area was crowded.', '33 Lakeview', 'Pune', 'Pune', 'Maharashtra'),
  ('W012', 'Priya Iyer', 'F', 31, 'GID012', 'It happened quickly.', '67 Garden Rd', 'Lucknow', 'Lucknow', 'UttarPradesh'),
  ('W013', 'Maya Das', 'F', 24, 'GID013', 'I noticed strange behavior.', '11 Ocean Drive', 'Bhopal', 'Bhopal', 'MadhyaPradesh'),
  ('W014', 'Yash Malhotra', 'M', 36, 'GID014', 'They ran towards the park.', '123 River Bank', 'Jaipur', 'Jaipur', 'Rajasthan'),
  ('W015', 'Tara Roy', 'F', 28, 'GID015', 'I found a wallet.', '88 Palm St', 'Delhi', 'Delhi', 'Delhi'),
  ('W016', 'Aditi Chauhan', 'F', 33, 'GID016', 'They looked nervous.', '45 Oak Street', 'Surat', 'Surat', 'Gujarat'),
  ('W017', 'Neil Dutta', 'M', 39, 'GID017', 'I heard glass breaking.', '12 Victory Lane', 'Hyderabad', 'Hyderabad', 'Telangana'),
  ('W018', 'Sana Syed', 'F', 29, NULL, 'The alarm was ringing.', '5 Central Park', 'Kolkata', 'Kolkata', 'WestBengal'),
  ('W019', 'Vikram Sethi', 'M', 35, 'GID019', 'The lights went out.', '19 Bay Street', 'Chandigarh', 'Chandigarh', 'Chandigarh'),
  ('W020', 'Neha Pandey', 'F', 42, 'GID020', 'The dog started barking.', '4 Hill Road', 'Ahmedabad', 'Ahmedabad', 'Gujarat'),
  ('W021', 'Arjun Gupta', 'M', 30, 'GID021', 'I smelled smoke.', '9 Palm Grove', 'Pune', 'Pune', 'Maharashtra'),
  ('W022', 'Ira Mishra', 'F', 34, 'GID022', 'It was very dark.', '27 Lake Road', 'Lucknow', 'Lucknow', 'UttarPradesh'),
  ('W023', 'Rhea Menon', 'F', 26, 'GID023', 'They climbed the fence.', '8 Maple Ave', 'Bhopal', 'Bhopal', 'MadhyaPradesh'),
  ('W024', 'Zayan Kapoor', 'M', 29, 'GID024', 'I saw broken windows.', '14 Creek Road', 'Jaipur', 'Jaipur', 'Rajasthan'),
  ('W025', 'Sara Gill', 'F', 37, NULL, 'The crowd dispersed.', '66 Beach Blvd', 'Delhi', 'Delhi', 'Delhi'),
  ('W026', 'Manav Yadav', 'M', 43, 'GID026', 'It was raining heavily.', '18 Sun Avenue', 'Surat', 'Surat', 'Gujarat'),
  ('W027', 'Kiara Bansal', 'F', 31, 'GID027', 'I recognized a suspect.', '70 King Street', 'Hyderabad', 'Hyderabad', 'Telangana'),
  ('W028', 'Devika Pillai', 'F', 28, 'GID028', 'They ran away fast.', '23 Willow Lane', 'Kolkata', 'Kolkata', 'WestBengal'),
  ('W029', 'Yuvraj Rana', 'M', 36, 'GID029', 'I found a broken phone.', '17 Oak Ridge', 'Chandigarh', 'Chandigarh', 'Chandigarh'),
  ('W030', 'Ayesha Qureshi', 'F', 25, 'GID030', 'It happened at night.', '39 Blue Lagoon', 'Ahmedabad', 'Ahmedabad', 'Gujarat'),
  ('W031', 'Sameer Arora', 'M', 32, 'GID031', 'A window was shattered.', '12 Greenway', 'Pune', 'Pune', 'Maharashtra'),
  ('W032', 'Kritika Bose', 'F', 27, NULL, 'There were loud bangs.', '25 Moon Street', 'Lucknow', 'Lucknow', 'UttarPradesh'),
  ('W033', 'Parth Jha', 'M', 35, 'GID033', 'Someone screamed.', '5 Pine Hill', 'Bhopal', 'Bhopal', 'MadhyaPradesh'),
  ('W034', 'Saanvi Ghosh', 'F', 30, 'GID034', 'A man fled the scene.', '32 Westend', 'Jaipur', 'Jaipur', 'Rajasthan'),
  ('W035', 'Aditya Kohli', 'M', 40, 'GID035', 'The alarm triggered.', '50 Marina Bay', 'Delhi', 'Delhi', 'Delhi'),
  ('W036', 'Riddhi Bhatia', 'F', 36, 'GID036', 'I noted the license plate.', '8 Rose Park', 'Surat', 'Surat', 'Gujarat'),
  ('W037', 'Arnav Saxena', 'M', 28, 'GID037', 'There were fireworks.', '9 Silver Street', 'Hyderabad', 'Hyderabad', 'Telangana'),
  ('W038', 'Tanisha Dey', 'F', 39, 'GID038', 'I saw a group gathering.', '21 Sunrise Lane', 'Kolkata', 'Kolkata', 'WestBengal'),
  ('W039', 'Rehaan Chauhan', 'M', 31, 'GID039', 'Someone ran into the woods.', '3 Brookside', 'Chandigarh', 'Chandigarh', 'Chandigarh'),
  ('W040', 'Mahi Sinha', 'F', 34, 'GID040', 'A fight broke out.', '7 Sapphire Ave', 'Ahmedabad', 'Ahmedabad', 'Gujarat'),
  ('W041', 'Jay Mehra', 'M', 29, 'GID041', 'It was very sudden.', '67 Crescent Rd', 'Pune', 'Pune', 'Maharashtra'),
  ('W042', 'Navya Chawla', 'F', 33, 'GID042', 'There were flashing lights.', '81 Northview', 'Lucknow', 'Lucknow', 'UttarPradesh'),
  ('W043', 'Shaurya Malik', 'M', 38, 'GID043', 'I heard shouting.', '59 Green Lane', 'Bhopal', 'Bhopal', 'MadhyaPradesh'),
  ('W044', 'Anvi Rawat', 'F', 30, NULL, 'I hid behind a car.', '10 Royal Avenue', 'Jaipur', 'Jaipur', 'Rajasthan'),
  ('W045', 'Ishita Kaul', 'F', 27, 'GID045', 'I saw smoke.', '16 Waterway', 'Delhi', 'Delhi', 'Delhi'),
  ('W046', 'Lakshya Narula', 'M', 41, 'GID046', 'They argued loudly.', '19 Coral Bay', 'Surat', 'Surat', 'Gujarat'),
  ('W047', 'Vanya Sood', 'F', 28, 'GID047', 'A window broke.', '22 Blue Ridge', 'Hyderabad', 'Hyderabad', 'Telangana'),
  ('W048', 'Vivaan Arora', 'M', 37, 'GID048', 'Someone was injured.', '4 Amber Street', 'Kolkata', 'Kolkata', 'WestBengal'),
  ('W049', 'Advika Seth', 'F', 35, 'GID049', 'It was chaotic.', '28 Dreamland', 'Chandigarh', 'Chandigarh', 'Chandigarh'),
  ('W050', 'Dhruv Bhatt', 'M', 30, 'GID050', 'I alerted the guards.', '15 Sunset Avenue', 'Ahmedabad', 'Ahmedabad', 'Gujarat');


--15. Witness-Contact Table (Multivalue attribute of witness table)
INSERT INTO witness_contact (witness_no, contact_no) VALUES
  ('W001', '9876543210'), 
  ('W001', '8765432109'),
  ('W002', '9123456780'), 
  ('W002', '8234567891'),
  ('W003', '7987654321'), 
  ('W003', '8876543210'), 
  ('W003', '8765432198'),
  ('W004', '9876543211'), 
  ('W004', '9876543212'),
  ('W005', '9123456700'), 
  ('W005', '8123456700'), 
  ('W005', '7123456700'),
  ('W006', '7890123456'), 
  ('W006', '6789012345'),
  ('W007', '9876501234'), 
  ('W007', '8765012345'),
  ('W008', '7650123456'), 
  ('W008', '6540123456'),
  ('W009', '9432109876'), 
  ('W009', '8321098765'),
  ('W010', '7210987654'), 
  ('W010', '6109876543'),
  ('W011', '7012345678'), 
  ('W011', '8012345678'),
  ('W012', '8912345678'), 
  ('W012', '9912345678'),
  ('W013', '6812345678'), 
  ('W013', '7812345678'), 
  ('W013', '8812345678'),
  ('W014', '9612345678'), 
  ('W014', '8612345678'),
  ('W015', '7412345678'), 
  ('W015', '6412345678'),
  ('W016', '8212345678'), 
  ('W016', '7212345678'), 
  ('W016', '6212345678'),
  ('W017', '9012345678'), 
  ('W017', '8012345670'),
  ('W018', '7812345600'), 
  ('W018', '6812345600'),
  ('W019', '9612345600'), 
  ('W019', '8612345600'),
  ('W020', '7412345600'), 
  ('W020', '6412345600'),
  ('W021', '8212345600'), 
  ('W021', '7212345600'),
  ('W022', '9012345600'), 
  ('W022', '8012345600'),
  ('W023', '7812345601'), 
  ('W023', '6812345601'), 
  ('W023', '6812345602'),
  ('W024', '9612345601'), 
  ('W024', '8612345601'),
  ('W025', '7412345601'), 
  ('W025', '6412345601'),
  ('W026', '8212345601'), 
  ('W026', '7212345601'),
  ('W027', '9012345601'), 
  ('W027', '8012345601'),
  ('W028', '7812345602'), 
  ('W028', '6812345602'),
  ('W029', '9612345602'), 
  ('W029', '8612345602'), 
  ('W029', '7612345602'),
  ('W030', '7412345602'), 
  ('W030', '6412345602'),
  ('W031', '8212345602'), 
  ('W031', '7212345602'),
  ('W032', '9012345602'), 
  ('W032', '8012345602'),
  ('W033', '7812345603'), 
  ('W033', '6812345603'),
  ('W034', '9612345603'), 
  ('W034', '8612345603'),
  ('W035', '7412345603'), 
  ('W035', '6412345603'),
  ('W036', '8212345603'), 
  ('W036', '7212345603'),
  ('W037', '9012345603'), 
  ('W037', '8012345603'),
  ('W038', '7812345604'), 
  ('W038', '6812345604'),
  ('W039', '9612345604'), 
  ('W039', '8612345604'),
  ('W040', '7412345604'), 
  ('W040', '6412345604'),
  ('W041', '8212345604'), 
  ('W041', '7212345604'),
  ('W042', '9012345604'), 
  ('W042', '8012345604'),
  ('W043', '7812345605'), 
  ('W043', '6812345605'),
  ('W044', '9612345605'), 
  ('W044', '8612345605'),
  ('W045', '7412345605'), 
  ('W045', '6412345605'),
  ('W046', '8212345605'), 
  ('W046', '7212345605'),
  ('W047', '9012345605'), 
  ('W047', '8012345605'),
  ('W048', '7812345606'), 
  ('W048', '6812345606'),
  ('W049', '9612345606'), 
  ('W049', '8612345606'),
  ('W050', '7412345606'), 
  ('W050', '6412345606');



--16. ObservedBy Table (Many-to-Many : crime - witness)
INSERT INTO observed_by (witness_no, fir_no) VALUES
  ('W001', 'CR001'),
  ('W001', 'CR005'),
  ('W002', 'CR001'),
  ('W002', 'CR002'),
  ('W003', 'CR002'),
  ('W003', 'CR003'),
  ('W004', 'CR004'),
  ('W004', 'CR005'),
  ('W005', 'CR005'),
  ('W005', 'CR006'),
  ('W006', 'CR006'),
  ('W006', 'CR007'),
  ('W007', 'CR007'),
  ('W007', 'CR008'),
  ('W008', 'CR008'),
  ('W008', 'CR009'),
  ('W009', 'CR009'),
  ('W009', 'CR010'),
  ('W010', 'CR010'),
  ('W010', 'CR011'),
  ('W011', 'CR011'),
  ('W011', 'CR012'),
  ('W012', 'CR012'),
  ('W012', 'CR013'),
  ('W013', 'CR013'),
  ('W013', 'CR014'),
  ('W014', 'CR014'),
  ('W014', 'CR015'),
  ('W015', 'CR015'),
  ('W015', 'CR016'),
  ('W016', 'CR016'),
  ('W016', 'CR017'),
  ('W017', 'CR017'),
  ('W017', 'CR018'),
  ('W018', 'CR018'),
  ('W018', 'CR019'),
  ('W019', 'CR019'),
  ('W019', 'CR020'),
  ('W020', 'CR020'),
  ('W020', 'CR001'),
  ('W021', 'CR002'),
  ('W021', 'CR003'),
  ('W022', 'CR003'),
  ('W022', 'CR004'),
  ('W023', 'CR004'),
  ('W023', 'CR005'),
  ('W024', 'CR005'),
  ('W024', 'CR006'),
  ('W025', 'CR006'),
  ('W025', 'CR007'),
  ('W026', 'CR007'),
  ('W026', 'CR008'),
  ('W027', 'CR008'),
  ('W027', 'CR009'),
  ('W028', 'CR009'),
  ('W028', 'CR010'),
  ('W029', 'CR010'),
  ('W029', 'CR011'),
  ('W030', 'CR011'),
  ('W030', 'CR012'),
  ('W031', 'CR012'),
  ('W031', 'CR013'),
  ('W032', 'CR013'),
  ('W032', 'CR014'),
  ('W033', 'CR014'),
  ('W033', 'CR015'),
  ('W034', 'CR015'),
  ('W034', 'CR016'),
  ('W035', 'CR016'),
  ('W035', 'CR017'),
  ('W036', 'CR017'),
  ('W036', 'CR018'),
  ('W037', 'CR018'),
  ('W037', 'CR019'),
  ('W038', 'CR019'),
  ('W038', 'CR020'),
  ('W039', 'CR001'),
  ('W039', 'CR003'),
  ('W040', 'CR002'),
  ('W040', 'CR004'),
  ('W041', 'CR005'),
  ('W041', 'CR006'),
  ('W042', 'CR007'),
  ('W042', 'CR008'),
  ('W043', 'CR009'),
  ('W043', 'CR010'),
  ('W044', 'CR011'),
  ('W044', 'CR012'),
  ('W045', 'CR013'),
  ('W045', 'CR014'),
  ('W046', 'CR015'),
  ('W046', 'CR016'),
  ('W047', 'CR017'),
  ('W047', 'CR018'),
  ('W048', 'CR019'),
  ('W048', 'CR020'),
  ('W049', 'CR001'),
  ('W049', 'CR002'),
  ('W050', 'CR003'),
  ('W050', 'CR004');



--17. Suspect Table
INSERT INTO suspect (suspect_no, name, gender, suspect_basis, age, relationship_with_victim, base_address, city, district, state) VALUES
  ('S001', 'Rajesh Kumar', 'M', 'Argument over property', 34, 'Neighbor', '123 MG Road', 'Delhi', 'Delhi', 'Delhi'),
  ('S002', 'Anita Sharma', 'F', 'Financial conflict', 28, 'Friend', '45 Civil Lines', 'Lucknow', 'Lucknow', 'UP'),
  ('S003', 'Vikram Joshi', 'M', 'Seen near crime', 41, 'Friend', '67 Green Park', 'Patna', 'Patna', 'Bihar'),
  ('S004', 'Preeti Yadav', 'F', 'Prior threats', 30, 'Relative', '22 Rose Garden', 'Bhopal', 'Bhopal', 'MP'),
  ('S005', 'Sunil Verma', 'M', 'Jealousy issue', 39, 'Unknown', '89 Shanti Nagar', 'Jaipur', 'Jaipur', 'Rajasthan'),
  ('S006', 'Kiran Gupta', 'F', 'Fight over money', 33, 'Sister', '7 Lake View', 'Indore', 'Indore', 'MP'),
  ('S007', 'Aman Singh', 'M', 'Spotted fleeing', 29, 'Neighbor', '55 Station Rd', 'Pune', 'Pune', 'Maharashtra'),
  ('S008', 'Neha Bansal', 'F', 'Land dispute', 35, 'Cousin', '98 City Center', 'Agra', 'Agra', 'UP'),
  ('S009', 'Saurabh Das', 'M', 'Old rivalry', 42, 'Rival', '76 Market Lane', 'Gaya', 'Gaya', 'Bihar'),
  ('S010', 'Divya Pillai', 'F', 'Anonymous tip', 27, 'Unknown', '33 Palm Street', 'Chennai', 'Chennai', 'Tamil Nadu'),
  ('S011', 'Pooja Rani', 'F', 'Dispute over land', 31, 'Neighbor', '4 Lotus Avenue', 'Kanpur', 'Kanpur', 'UP'),
  ('S012', 'Alok Pandey', 'M', 'Jealousy', 37, 'Friend', '23 Marine Drive', 'Mumbai', 'Mumbai', 'MH'),
  ('S013', 'Rohit Shetty', 'M', 'Business rivalry', 40, NULL, '11 Kings Road', 'Vadodara', 'Vadodara', 'Gujarat'),
  ('S014', 'Simran Gill', 'F', 'Witness account', 29, 'Cousin', '91 North Park', 'Amritsar', 'Amritsar', 'Punjab'),
  ('S015', 'Deepak Chawla', 'M', 'Evidence tampering', 38, 'Brother', '2 Sunrise St', 'Nagpur', 'Nagpur', 'MH'),
  ('S016', 'Aarti Joshi', 'F', 'Spotted near scene', 27, 'Neighbor', '78 Old Street', 'Nashik', 'Nashik', 'MH'),
  ('S017', 'Keshav Rao', 'M', 'Family dispute', 36, 'Uncle', '56 Garden Road', 'Kochi', 'Kochi', 'Kerala'),
  ('S018', 'Fatima Khan', 'F', 'Motive unclear', 34, 'Friend', '44 Pearl Avenue', 'Kozhikode', 'Kozhikode', 'Kerala'),
  ('S019', 'Aditya Roy', 'M', 'Argument heard', 32, NULL, '88 Golf Links', 'Goa', 'North Goa', 'Goa'),
  ('S020', 'Sneha Iyer', 'F', 'Financial issues', 26, 'Sister', '9 Hilltop Lane', 'Thane', 'Thane', 'MH'),
  ('S021', 'Pranav Sinha', 'M', 'Local feud', 41, 'Neighbor', '5 Riverfront', 'Varanasi', 'Varanasi', 'UP'),
  ('S022', 'Manvi Sharma', 'F', 'Eyewitness', 25, 'Friend', '20 Orchid St', 'Dehradun', 'Dehradun', 'UK'),
  ('S023', 'Omar Sheikh', 'M', 'Suspicious activity', 45, NULL, '33 Maple St', 'Srinagar', 'Srinagar', 'J&K'),
  ('S024', 'Riya Patel', 'F', 'Verbal threats', 30, 'Cousin', '99 Pine Avenue', 'Surat', 'Surat', 'Gujarat'),
  ('S025', 'Arjun Nair', 'M', 'Prior warning', 35, 'Neighbor', '7 Ocean View', 'Kochi', 'Kochi', 'Kerala'),
  ('S026', 'Sara Lobo', 'F', 'Financial dispute', 29, NULL, '28 Sea Breeze', 'Panaji', 'North Goa', 'Goa'),
  ('S027', 'Nitin Malhotra', 'M', 'Observed arguing', 42, 'Friend', '15 Ridge Lane', 'Gurgaon', 'Gurgaon', 'Haryana'),
  ('S028', 'Tara Dutta', 'F', 'Land conflict', 33, 'Relative', '70 Oak Drive', 'Noida', 'Noida', 'UP'),
  ('S029', 'Rakesh Jha', 'M', 'Alibi mismatch', 39, 'Brother', '46 Lake City', 'Indore', 'Indore', 'MP'),
  ('S030', 'Megha Sen', 'F', 'Property dispute', 28, NULL, '61 Sun Street', 'Jabalpur', 'Jabalpur', 'MP'),
  ('S031', 'Ajay Dubey', 'M', 'Old enmity', 44, 'Uncle', '17 Ivy Road', 'Prayagraj', 'Prayagraj', 'UP'),
  ('S032', 'Kavita Menon', 'F', 'Jealousy', 31, 'Sister', '55 Daisy Lane', 'Kollam', 'Kollam', 'Kerala'),
  ('S033', 'Bilal Khan', 'M', 'Strange behavior', 36, NULL, '19 Sunset Blvd', 'Baramulla', 'Baramulla', 'J&K'),
  ('S034', 'Chitra Rathi', 'F', 'Financial fraud', 29, 'Neighbor', '13 Beach Road', 'Madurai', 'Madurai', 'TN'),
  ('S035', 'Sidharth Jain', 'M', 'No clear motive', 38, 'Friend', '81 Green Lane', 'Ujjain', 'Ujjain', 'MP'),
  ('S036', 'Nisha Das', 'F', 'Family dispute', 27, 'Sister', '62 Creekside', 'Raipur', 'Raipur', 'Chhattisgarh'),
  ('S037', 'Faizan Malik', 'M', 'Land argument', 40, NULL, '24 Woodland', 'Pauri', 'Pauri', 'UK'),
  ('S038', 'Anaya Joshi', 'F', 'Jealousy', 26, 'Neighbor', '87 Harmony St', 'Gwalior', 'Gwalior', 'MP'),
  ('S039', 'Dev Sharma', 'M', 'Rivalry', 41, 'Friend', '90 King Street', 'Bikaner', 'Bikaner', 'Rajasthan'),
  ('S040', 'Asha Pillai', 'F', 'Unknown motive', 32, NULL, '11 Sunset Park', 'Tirunelveli', 'Tirunelveli', 'TN'),
  ('S041', 'Naveen Saxena', 'M', 'Argument seen', 39, 'Brother', '35 Palm Garden', 'Guntur', 'Guntur', 'AP'),
  ('S042', 'Priya George', 'F', 'Spotted running', 30, 'Sister', '6 Ocean Lane', 'Vizag', 'Vizag', 'AP'),
  ('S043', 'Harshad Patel', 'M', 'Business rivalry', 37, NULL, '77 Pine Valley', 'Anand', 'Anand', 'Gujarat'),
  ('S044', 'Shruti Kapoor', 'F', 'Prior warnings', 28, 'Friend', '48 Elm Avenue', 'Meerut', 'Meerut', 'UP'),
  ('S045', 'Danish Ali', 'M', 'Unknown contact', 43, 'Neighbor', '89 Oak Street', 'Aligarh', 'Aligarh', 'UP'),
  ('S046', 'Bhavna Rao', 'F', 'Jealousy issues', 34, NULL, '10 Hill Valley', 'Hubli', 'Hubli', 'Karnataka'),
  ('S047', 'Yusuf Sheikh', 'M', 'Motive unknown', 36, 'Cousin', '32 Mountain Road', 'Belgaum', 'Belgaum', 'Karnataka'),
  ('S048', 'Smriti Chawla', 'F', 'Financial clash', 31, 'Friend', '20 Broadway', 'Guntur', 'Guntur', 'AP'),
  ('S049', 'Karan Kapoor', 'M', 'Land rivalry', 45, NULL, '81 Sunset Blvd', 'Pune', 'Pune', 'MH'),
  ('S050', 'Ishita Verma', 'F', 'Rivalry issue', 27, 'Relative', '36 Willow Drive', 'Kanpur', 'Kanpur', 'UP');



--18. Suspect-Contact Table (Multivalue attribute of suspect table)
INSERT INTO suspect_contact (suspect_no, contact_no) VALUES
  ('S001', '9876543210'),
  ('S002', '9123456780'),
  ('S003', '9988776655'),
  ('S004', '9012345678'),
  ('S005', '8899776655'),
  ('S006', '9345678123'),
  ('S007', '8234567890'),
  ('S008', '8123456790'),
  ('S009', '7564891230'),
  ('S010', '7985461230'),
  ('S011', '7894561230'),
  ('S012', '7698412301'),
  ('S013', '8899445566'),
  ('S014', '9988665544'),
  ('S015', '9090909090'),
  ('S016', '8787878787'),
  ('S017', '7676767676'),
  ('S018', '9898989898'),
  ('S019', '9191919191'),
  ('S020', '7070707070'),
  ('S021', '8080808080'),
  ('S022', '6161616161'),
  ('S023', '9292929292'),
  ('S024', '8383838383'),
  ('S025', '8484848484'),
  ('S026', '8585858585'),
  ('S027', '8686868686'),
  ('S028', '8787878787'),
  ('S029', '6565656565'),
  ('S030', '5454545454'),
  ('S031', '7676767676'),
  ('S032', '7575757575'),
  ('S033', '9494949494'),
  ('S034', '9595959595'),
  ('S035', '9696969696'),
  ('S036', '9797979797'),
  ('S037', '9898989898'),
  ('S038', '6767676767'),
  ('S039', '6868686868'),
  ('S040', '6969696969'),
  ('S041', '7878787878'),
  ('S042', '7979797979'),
  ('S043', '8080808080'),
  ('S044', '8181818181'),
  ('S045', '8282828282'),
  ('S046', '8383838383'),
  ('S047', '8484848484'),
  ('S048', '8585858585'),
  ('S049', '8686868686'),
  ('S050', '8787878787'),
  ('S001', '7894567890'),
  ('S001', '7891234567'),
  ('S005', '9090901234'),
  ('S010', '9012341234'),
  ('S025', '9988771122'),
  ('S030', '9876501234'),
  ('S045', '9567896543'),
  ('S050', '9345612345');



--19. AssociateWith Table (Many-to-Many : crime - suspect)
INSERT INTO associate_with (suspect_no, fir_no) VALUES
  ('S001', 'CR001'),
  ('S002', 'CR001'),
  ('S003', 'CR002'),
  ('S004', 'CR002'),
  ('S005', 'CR003'),
  ('S006', 'CR003'),
  ('S007', 'CR004'),
  ('S008', 'CR004'),
  ('S009', 'CR005'),
  ('S010', 'CR005'),
  ('S011', 'CR006'),
  ('S012', 'CR006'),
  ('S013', 'CR007'),
  ('S014', 'CR007'),
  ('S015', 'CR008'),
  ('S016', 'CR008'),
  ('S017', 'CR009'),
  ('S018', 'CR009'),
  ('S019', 'CR010'),
  ('S020', 'CR010'),
  ('S021', 'CR011'),
  ('S022', 'CR011'),
  ('S023', 'CR012'),
  ('S024', 'CR012'),
  ('S025', 'CR013'),
  ('S026', 'CR013'),
  ('S027', 'CR014'),
  ('S028', 'CR014'),
  ('S029', 'CR015'),
  ('S030', 'CR015'),
  ('S031', 'CR016'),
  ('S032', 'CR016'),
  ('S033', 'CR017'),
  ('S034', 'CR017'),
  ('S035', 'CR018'),
  ('S036', 'CR018'),
  ('S037', 'CR019'),
  ('S038', 'CR019'),
  ('S039', 'CR020'),
  ('S040', 'CR020'),
  ('S041', 'CR001'),
  ('S042', 'CR002'),
  ('S043', 'CR003'),
  ('S044', 'CR004'),
  ('S045', 'CR005'),
  ('S046', 'CR006'),
  ('S047', 'CR007'),
  ('S048', 'CR008'),
  ('S049', 'CR009'),
  ('S050', 'CR010'),
  ('S001', 'CR005'),
  ('S002', 'CR006'),
  ('S003', 'CR007'),
  ('S004', 'CR008'),
  ('S005', 'CR009'),
  ('S006', 'CR010'),
  ('S007', 'CR011'),
  ('S008', 'CR012'),
  ('S009', 'CR013'),
  ('S010', 'CR014'),
  ('S011', 'CR015'),
  ('S012', 'CR016'),
  ('S013', 'CR017'),
  ('S014', 'CR018'),
  ('S015', 'CR019'),
  ('S016', 'CR020');
